,itemId,title,leafCategoryIds,categories,image,price,itemHref,seller,marketingPrice,condition,conditionId,thumbnailImages,shippingOptions,buyingOptions,itemWebUrl,itemLocation,additionalImages,adultOnly,legacyItemId,availableCoupons,itemOriginDate,itemCreationDate,topRatedBuyingExperience,priorityListing,listingMarketplaceId,pickupOptions,epid,bidCount,currentBidPrice,itemEndDate,itemGroupHref,itemGroupType
0,v1|365233481413|0,XtremepowerUS 99cc 3.5HP Mini Dirt Bike Gas-Powered 4 Stroke Pocket Bike Pit,['75211'],"[{'categoryId': '75211', 'categoryName': 'Gas Scooters'}, {'categoryId': '888', 'categoryName': 'Sporting Goods'}, {'categoryId': '11330', 'categoryName': 'Scooters'}, {'categoryId': '159043', 'categoryName': 'Outdoor Sports'}]",{'imageUrl': 'https://i.ebayimg.com/images/g/lssAAOSwtThnN7x8/s-l225.jpg'},"{'value': '459.95', 'currency': 'USD'}",https://api.ebay.com/buy/browse/v1/item/v1%7C365233481413%7C0,"{'username': 'durapowers', 'feedbackPercentage': '98.5', 'feedbackScore': 236842}","{'originalPrice': {'value': '659.95', 'currency': 'USD'}, 'discountPercentage': '30', 'discountAmount': {'value': '200.00', 'currency': 'USD'}, 'priceTreatment': 'LIST_PRICE'}",New,1000,[{'imageUrl': 'https://i.ebayimg.com/images/g/lssAAOSwtThnN7x8/s-l1200.jpg'}],"[{'shippingCostType': 'FIXED', 'shippingCost': {'value': '0.00', 'currency': 'USD'}}]",['FIXED_PRICE'],https://www.ebay.com/itm/365233481413?_skw=gas+scooters&hash=item55099ca6c5:g:lssAAOSwtThnN7x8&amdata=enc%3AAQAKAAAA8PeG5RIuIyokJHJy903%2F5UascFtJ2VWAJKnAn13bM6JxHn4B%2Bwbv%2FtqJ7xg%2Bh0Bwz9TtovaBPwHamiwaZ4hDEQvkqEWvfnV2xj0r%2FjGkEbbfviB9VynzsjGK9WKuT%2FFUT9FEpxDb6%2Bk8TsRBeajpE5tLBZzZIa3iQo0XDc2%2Fs7NOarY31%2FoToG49wxw6OLngI5c9U7QNVXcUcRuArSSSQVqt3NDnMtBc38Mhky25veDL7pDSVQP9UD5MbyP6z0d71qOzKrSCyQBlwChVYfHv6jrn1VlqKw8NSMa7Cgt6mQhtCh%2BvPNcYu2A4EDILu62Epg%3D%3D,"{'postalCode': '917**', 'country': 'US'}","[{'imageUrl': 'https://i.ebayimg.com/images/g/oaEAAOSwkj9nN7x8/s-l225.jpg'}, {'imageUrl': 'https://i.ebayimg.com/images/g/AQMAAOSwGYdnN7x9/s-l225.jpg'}, {'imageUrl': 'https://i.ebayimg.com/images/g/TWcAAOSwnX1nN7x8/s-l225.jpg'}]",False,365233481413,False,2024-11-15T21:24:27.000Z,2024-11-15T21:24:27.000Z,True,True,EBAY_US,,,,,,,
1,v1|146533023979|0,Motorized Bike 110cc 4 Stroke,['75211'],"[{'categoryId': '75211', 'categoryName': 'Gas Scooters'}, {'categoryId': '888', 'categoryName': 'Sporting Goods'}, {'categoryId': '11330', 'categoryName': 'Scooters'}, {'categoryId': '159043', 'categoryName': 'Outdoor Sports'}]",{'imageUrl': 'https://i.ebayimg.com/images/g/mncAAeSwe8hoBSti/s-l225.jpg'},"{'value': '450.00', 'currency': 'USD'}",https://api.ebay.com/buy/browse/v1/item/v1%7C146533023979%7C0,"{'username': 'kacope-9594', 'feedbackPercentage': '100.0', 'feedbackScore': 1}",,Used,3000,[{'imageUrl': 'https://i.ebayimg.com/images/g/mncAAeSwe8hoBSti/s-l1600.jpg'}],,"['FIXED_PRICE', 'BEST_OFFER']",https://www.ebay.com/itm/146533023979?_skw=gas+scooters&hash=item221e0c80eb:g:mncAAeSwe8hoBSti&amdata=enc%3AAQAKAAAA8PeG5RIuIyokJHJy903%2F5UZ11YFjLwWem3fSCATF3sRzLHtuveE0YzOv52MvJCIHCtiVSmZ5ZHMRAJiRX8%2BvyX%2FILxYOmCSutH9fcTYh055wecuYoYYiWnKWOyWuq0L0J0xwTYeMEIvB%2BsW%2Flj%2B%2BWioGVnJi5IvSHtd72tZspSjaLOM%2FNTN%2FWRptYB3ffrSW%2BQXTkEBiMFeC8f2CgMCDLI3EwEVi4O%2FrXuHPiFq420hIafMMdkqR0YhupscDO8MPeIVN8PskWNnCeZiX9HOkGht16pAIJ6U%2Ff%2F5i7s4HklyTEEC5cYOpEUvpNnwOfXmSuQ%3D%3D,"{'postalCode': '314**', 'country': 'US'}","[{'imageUrl': 'https://i.ebayimg.com/images/g/ipoAAeSwZ8FoBStk/s-l225.jpg'}, {'imageUrl': 'https://i.ebayimg.com/images/g/6rYAAeSw3IdoBStl/s-l225.jpg'}, {'imageUrl': 'https://i.ebayimg.com/images/g/BpAAAeSwNOxoBStj/s-l225.jpg'}, {'imageUrl': 'https://i.ebayimg.com/images/g/O9IAAeSwt~loBStk/s-l225.jpg'}, {'imageUrl': 'https://i.ebayimg.com/images/g/qlcAAeSwdRtoBStl/s-l225.jpg'}, {'imageUrl': 'https://i.ebayimg.com/images/g/dboAAeSwTBBoBStn/s-l225.jpg'}]",False,146533023979,False,2025-04-20T17:20:26.000Z,2025-04-20T17:21:26.000Z,False,True,EBAY_US,[{'pickupLocationType': 'ARRANGED_LOCATION'}],,,,,,
2,v1|405742595915|0,Mini Motorcycle Strong Power 2-Stroke 49cc Kids Pocket Gas Motorbike US,['75211'],"[{'categoryId': '75211', 'categoryName': 'Gas Scooters'}, {'categoryId': '888', 'categoryName': 'Sporting Goods'}, {'categoryId': '11330', 'categoryName': 'Scooters'}, {'categoryId': '159043', 'categoryName': 'Outdoor Sports'}]",{'imageUrl': 'https://i.ebayimg.com/images/g/YSUAAOSwYvRmC8Ve/s-l225.jpg'},"{'value': '284.98', 'currency': 'USD'}",https://api.ebay.com/buy/browse/v1/item/v1%7C405742595915%7C0,"{'username': 'swiitury', 'feedbackPercentage': '92.9', 'feedbackScore': 84}",,New,1000,[{'imageUrl': 'https://i.ebayimg.com/images/g/YSUAAOSwYvRmC8Ve/s-l1600.jpg'}],"[{'shippingCostType': 'FIXED', 'shippingCost': {'value': '0.00', 'currency': 'USD'}}]","['FIXED_PRICE', 'BEST_OFFER']",https://www.ebay.com/itm/405742595915?_skw=gas+scooters&hash=item5e7824af4b:g:YSUAAOSwYvRmC8Ve&amdata=enc%3AAQAKAAAA8PeG5RIuIyokJHJy903%2F5Ua0Ec8nwF66hmGBpcJBM87rwZjx8rLhhhHzGISJzqgsxoGuM43CzNzCX1v97s37%2F9fB78YAovw0euOvFD%2BRcFj%2BsZ5VCDRr6V%2Fdd5%2FVkDOgjC%2BlE3XH0n3ue3DxSBQy0aC6kQj1p7S6D70b%2BxkELDswHd5Uo5hFPzpncV%2Bu9juDpAu6dxDZ2kkMUUBQRcioytCIkEVaIhd7nRNuVkRUeKR1b0J%2FbmPq6DtXmaQMlp9iL%2FgFAV5DCV56uzpfbU5z4%2B2puIvayXM%2FPvJAXLRbrOEN%2FIB%2B0YRq2HMWvtZ3eSAUHg%3D%3D,"{'postalCode': '917**', 'country': 'US'}","[{'imageUrl': 'https://i.ebayimg.com/images/g/EsUAAOSwRa1mC7R5/s-l225.jpg'}, {'imageUrl': 'https://i.ebayimg.com/images/g/9sEAAOSwFYdmC7R~/s-l225.jpg'}, {'imageUrl': 'https://i.ebayimg.com/images/g/LP8AAOSwcEFmC7SF/s-l225.jpg'}, {'imageUrl': 'https://i.ebayimg.com/images/g/xZAAAOSwxSFmC7lS/s-l225.jpg'}, {'imageUrl': 'https://i.ebayimg.com/images/g/PQkAAOSw1LBmC7lj/s-l225.jpg'}, {'imageUrl': 'https://i.ebayimg.com/images/g/RgAAAOSwQrZmC7lu/s-l225.jpg'}, {'imageUrl': 'https://i.ebayimg.com/images/g/F2cAAOSwoURmC7l6/s-l225.jpg'}, {'imageUrl': 'https://i.ebayimg.com/images/g/Tr8AAOSws71mC7rH/s-l225.jpg'}, {'imageUrl': 'https://i.ebayimg.com/images/g/EnAAAOSwp99mC7rQ/s-l225.jpg'}, {'imageUrl': 'https://i.ebayimg.com/images/g/TxgAAOSwZsBmC7rW/s-l225.jpg'}, {'imageUrl': 'https://i.ebayimg.com/images/g/u74AAOSwn-BmC7rf/s-l225.jpg'}, {'imageUrl': 'https://i.ebayimg.com/images/g/i78AAOSw0-1mC7sJ/s-l225.jpg'}, {'imageUrl': 'https://i.ebayimg.com/images/g/1KIAAOSwK8BmC7sh/s-l225.jpg'}, {'imageUrl': 'https://i.ebayimg.com/images/g/AdEAAOSwWMFmC7sq/s-l225.jpg'}, {'imageUrl': 'https://i.ebayimg.com/images/g/l~EAAOSwF6xmC7yC/s-l225.jpg'}, {'imageUrl': 'https://i.ebayimg.com/images/g/E~UAAOSw-pZmC7yI/s-l225.jpg'}, {'imageUrl': 'https://i.ebayimg.com/images/g/a6MAAOSwgIlmC7yM/s-l225.jpg'}, {'imageUrl': 'https://i.ebayimg.com/images/g/j~AAAOSwYr9mC7yP/s-l225.jpg'}, {'imageUrl': 'https://i.ebayimg.com/images/g/T60AAOSwKudmC8Fk/s-l225.jpg'}, {'imageUrl': 'https://i.ebayimg.com/images/g/ex4AAOSwt3tmC8Ft/s-l225.jpg'}, {'imageUrl': 'https://i.ebayimg.com/images/g/GUIAAOSwpftmC8GF/s-l225.jpg'}, {'imageUrl': 'https://i.ebayimg.com/images/g/3JwAAOSwWZ1mC8Tk/s-l225.jpg'}, {'imageUrl': 'https://i.ebayimg.com/images/g/7csAAOSwlUdmC8Tm/s-l225.jpg'}]",False,405742595915,False,2025-04-09T02:26:08.000Z,2025-04-10T02:26:13.000Z,False,True,EBAY_US,,,,,,,
3,v1|316080203826|0,MotoTec 49Cc Gas Mini Chopper Black,['75211'],"[{'categoryId': '75211', 'categoryName': 'Gas Scooters'}, {'categoryId': '888', 'categoryName': 'Sporting Goods'}, {'categoryId': '11330', 'categoryName': 'Scooters'}, {'categoryId': '159043', 'categoryName': 'Outdoor Sports'}]",{'imageUrl': 'https://i.ebayimg.com/images/g/cPwAAOSwI5tnblV9/s-l225.jpg'},"{'value': '355.47', 'currency': 'USD'}",https://api.ebay.com/buy/browse/v1/item/v1%7C316080203826%7C0,"{'username': 'w9y_kartit_2', 'feedbackPercentage': '100.0', 'feedbackScore': 223}","{'originalPrice': {'value': '362.41', 'currency': 'USD'}, 'discountPercentage': '2', 'discountAmount': {'value': '6.94', 'currency': 'USD'}}",New,1000,[{'imageUrl': 'https://i.ebayimg.com/images/g/cPwAAOSwI5tnblV9/s-l1600.jpg'}],"[{'shippingCostType': 'FIXED', 'shippingCost': {'value': '0.00', 'currency': 'USD'}}]",['FIXED_PRICE'],https://www.ebay.com/itm/316080203826?_skw=gas+scooters&hash=item4997d92832:g:cPwAAOSwI5tnblV9&amdata=enc%3AAQAKAAAA8PeG5RIuIyokJHJy903%2F5UanqAGwwiKxzUVXFUg4rV1wu%2FAeomGCbeF1DJrPlguoWUI7GrLQ64iMQahh6A9vJeCF5VdBO886reTwwzQ1vSOSGVuL5wqrqSNbCVz4iZpWSofXfLZ4WDkhG9TU%2BGHc627J1sxCkv%2FFviCRMfGNK%2BlkBnEqNPSt5ODwKH%2FM7Pir20RqOD0QQ0mbpNS2N63QV93i32VI1b8w3zQF2Qxbdjc1DPS%2BerLeCcpoUTaPMKEjPWzlLBAJJSZTXFg6qpxwF4XyJqCNIQVXlLOo%2F%2BX7hRh2l027bcgcoguY0bL6ra6DGA%3D%3D,{'country': 'US'},"[{'imageUrl': 'https://i.ebayimg.com/images/g/99MAAOSw3OlnblV-/s-l225.jpg'}, {'imageUrl': 'https://i.ebayimg.com/images/g/KkMAAOSwT6xnblV-/s-l225.jpg'}]",False,316080203826,False,2024-12-26T14:50:53.000Z,2024-12-26T14:50:53.000Z,False,True,EBAY_US,,26024580568,,,,,
4,v1|376200953353|0,New Fast 2024 Blaze 49cc 2-Stroke All-Terrain Gas Motor Scooter - Black,['75211'],"[{'categoryId': '75211', 'categoryName': 'Gas Scooters'}, {'categoryId': '888', 'categoryName': 'Sporting Goods'}, {'categoryId': '11330', 'categoryName': 'Scooters'}, {'categoryId': '159043', 'categoryName': 'Outdoor Sports'}]",{'imageUrl': 'https://i.ebayimg.com/images/g/QsYAAOSw5epoDHiJ/s-l225.jpg'},"{'value': '449.10', 'currency': 'USD'}",https://api.ebay.com/buy/browse/v1/item/v1%7C376200953353%7C0,"{'username': 'coolingair2023', 'feedbackPercentage': '97.9', 'feedbackScore': 1428}","{'originalPrice': {'value': '499.00', 'currency': 'USD'}, 'discountPercentage': '10', 'discountAmount': {'value': '49.90', 'currency': 'USD'}, 'priceTreatment': 'MARKDOWN'}",New,1000,[{'imageUrl': 'https://i.ebayimg.com/images/g/QsYAAOSw5epoDHiJ/s-l1200.jpg'}],"[{'shippingCostType': 'FIXED', 'shippingCost': {'value': '0.00', 'currency': 'USD'}}]",['FIXED_PRICE'],https://www.ebay.com/itm/376200953353?_skw=gas+scooters&hash=item579752fe09:g:QsYAAOSw5epoDHiJ,{'country': 'US'},"[{'imageUrl': 'https://i.ebayimg.com/images/g/fmcAAOSw69doDHiJ/s-l225.jpg'}, {'imageUrl': 'https://i.ebayimg.com/images/g/aJIAAOSw-ixoDHiK/s-l225.jpg'}, {'imageUrl': 'https://i.ebayimg.com/images/g/lpAAAOSwolRoDHiL/s-l225.jpg'}, {'imageUrl': 'https://i.ebayimg.com/images/g/K3kAAOSwUNBoDHiL/s-l225.jpg'}, {'imageUrl': 'https://i.ebayimg.com/images/g/rcoAAOSw2HxoDHiM/s-l225.jpg'}, {'imageUrl': 'https://i.ebayimg.com/images/g/hCMAAOSwyRJoDHiN/s-l225.jpg'}, {'imageUrl': 'https://i.ebayimg.com/images/g/C0sAAOSwwPZmRIj1/s-l225.jpg'}, {'imageUrl': 'https://i.ebayimg.com/images/g/cWMAAOSwvsBmRIjx/s-l225.jpg'}, {'imageUrl': 'https://i.ebayimg.com/images/g/vbIAAOSwk2VmRIjs/s-l225.jpg'}]",False,376200953353,False,2025-04-26T06:10:05.000Z,2025-04-26T06:10:05.000Z,False,False,EBAY_US,,,,,,,
5,v1|335677388335|0,99cc Mini Dirt Bike Gas Powered 4-Stroke Pocket Bike Motorcycle EPA 3.5HP,['75211'],"[{'categoryId': '75211', 'categoryName': 'Gas Scooters'}, {'categoryId': '888', 'categoryName': 'Sporting Goods'}, {'categoryId': '11330', 'categoryName': 'Scooters'}, {'categoryId': '159043', 'categoryName': 'Outdoor Sports'}]",{'imageUrl': 'https://i.ebayimg.com/images/g/f8wAAOSw0PVnOFZ6/s-l225.jpg'},"{'value': '429.95', 'currency': 'USD'}",https://api.ebay.com/buy/browse/v1/item/v1%7C335677388335%7C0,"{'username': 'id-rack', 'feedbackPercentage': '96.7', 'feedbackScore': 148692}","{'originalPrice': {'value': '659.95', 'currency': 'USD'}, 'discountPercentage': '35', 'discountAmount': {'value': '230.00', 'currency': 'USD'}, 'priceTreatment': 'LIST_PRICE'}",New,1000,[{'imageUrl': 'https://i.ebayimg.com/images/g/f8wAAOSw0PVnOFZ6/s-l1200.jpg'}],"[{'shippingCostType': 'FIXED', 'shippingCost': {'value': '0.00', 'currency': 'USD'}}]",['FIXED_PRICE'],https://www.ebay.com/itm/335677388335?_skw=gas+scooters&hash=item4e27ee762f:g:f8wAAOSw0PVnOFZ6,"{'postalCode': '917**', 'country': 'US'}","[{'imageUrl': 'https://i.ebayimg.com/images/g/qaQAAOSwOgRnOFZ6/s-l225.jpg'}, {'imageUrl': 'https://i.ebayimg.com/images/g/XiAAAOSwF81nOFZ6/s-l225.jpg'}, {'imageUrl': 'https://i.ebayimg.com/images/g/ggwAAOSwEtxnOFZ7/s-l225.jpg'}]",False,335677388335,False,2024-11-16T08:20:45.000Z,2024-11-16T08:20:45.000Z,False,False,EBAY_US,,,,,,,
6,v1|315999634664|0,Adult Fast 2024 Blaze 49cc 2-Stroke All-Terrain Gas Motor Scooter - up to 25MPH,['75211'],"[{'categoryId': '75211', 'categoryName': 'Gas Scooters'}, {'categoryId': '888', 'categoryName': 'Sporting Goods'}, {'categoryId': '11330', 'categoryName': 'Scooters'}, {'categoryId': '159043', 'categoryName': 'Outdoor Sports'}]",{'imageUrl': 'https://i.ebayimg.com/images/g/~iUAAOSwBhZoDHlk/s-l225.jpg'},"{'value': '444.11', 'currency': 'USD'}",https://api.ebay.com/buy/browse/v1/item/v1%7C315999634664%7C0,"{'username': 'sooth2023', 'feedbackPercentage': '98.5', 'feedbackScore': 657}","{'originalPrice': {'value': '499.00', 'currency': 'USD'}, 'discountPercentage': '11', 'discountAmount': {'value': '54.89', 'currency': 'USD'}, 'priceTreatment': 'MARKDOWN'}",New,1000,[{'imageUrl': 'https://i.ebayimg.com/images/g/~iUAAOSwBhZoDHlk/s-l960.jpg'}],"[{'shippingCostType': 'FIXED', 'shippingCost': {'value': '0.00', 'currency': 'USD'}}]",['FIXED_PRICE'],https://www.ebay.com/itm/315999634664?_skw=gas+scooters&hash=item49930bc4e8:g:~iUAAOSwBhZoDHlk,{'country': 'US'},"[{'imageUrl': 'https://i.ebayimg.com/images/g/1s8AAOSwh2NoDHll/s-l225.jpg'}, {'imageUrl': 'https://i.ebayimg.com/images/g/VkAAAOSw6thoDHlm/s-l225.jpg'}, {'imageUrl': 'https://i.ebayimg.com/images/g/7cEAAOSwhnVoDHlm/s-l225.jpg'}, {'imageUrl': 'https://i.ebayimg.com/images/g/0YkAAOSw~YdoDHln/s-l225.jpg'}, {'imageUrl': 'https://i.ebayimg.com/images/g/WmcAAOSwwk5oDHlo/s-l225.jpg'}, {'imageUrl': 'https://i.ebayimg.com/images/g/KRUAAOSwNFNoDHlo/s-l225.jpg'}, {'imageUrl': 'https://i.ebayimg.com/images/g/C0sAAOSwwPZmRIj1/s-l225.jpg'}]",False,315999634664,False,2024-11-26T02:52:14.000Z,2024-11-26T02:52:14.000Z,False,False,EBAY_US,,,,,,,
7,v1|226596855751|0,MotoTec UberScoot 70x 63cc 2 Stroke - Gas Scooter - No CA Sales,['75211'],"[{'categoryId': '75211', 'categoryName': 'Gas Scooters'}, {'categoryId': '888', 'categoryName': 'Sporting Goods'}, {'categoryId': '11330', 'categoryName': 'Scooters'}, {'categoryId': '159043', 'categoryName': 'Outdoor Sports'}]",{'imageUrl': 'https://i.ebayimg.com/images/g/zXAAAOSwKmhnrjGA/s-l225.jpg'},"{'value': '829.00', 'currency': 'USD'}",https://api.ebay.com/buy/browse/v1/item/v1%7C226596855751%7C0,"{'username': 'wackyhippo', 'feedbackPercentage': '98.0', 'feedbackScore': 3211}",,New,1000,[{'imageUrl': 'https://i.ebayimg.com/images/g/zXAAAOSwKmhnrjGA/s-l1200.jpg'}],"[{'shippingCostType': 'FIXED', 'shippingCost': {'value': '70.00', 'currency': 'USD'}}]","['FIXED_PRICE', 'BEST_OFFER']",https://www.ebay.com/itm/226596855751?_skw=gas+scooters&hash=item34c2399fc7:g:zXAAAOSwKmhnrjGA,{'country': 'US'},"[{'imageUrl': 'https://i.ebayimg.com/images/g/VeYAAOSwBddnrjGe/s-l225.jpg'}, {'imageUrl': 'https://i.ebayimg.com/images/g/AMcAAOSwfGJnrjG7/s-l225.jpg'}, {'imageUrl': 'https://i.ebayimg.com/images/g/hVYAAOSwlWRnrjHL/s-l225.jpg'}, {'imageUrl': 'https://i.ebayimg.com/images/g/PcgAAOSwqNdnrjHW/s-l225.jpg'}, {'imageUrl': 'https://i.ebayimg.com/images/g/Pl4AAOSwQytnrjHj/s-l225.jpg'}]",False,226596855751,False,2025-02-13T18:09:36.000Z,2025-02-13T18:09:36.000Z,False,False,EBAY_US,,,,,,,
8,v1|376201278616|0,"49cc 2-Stroke Gas Scooter for Adult Long Rang 40KM 176 Lbs Max Load,10 Inch Tire",['75211'],"[{'categoryId': '75211', 'categoryName': 'Gas Scooters'}, {'categoryId': '888', 'categoryName': 'Sporting Goods'}, {'categoryId': '11330', 'categoryName': 'Scooters'}, {'categoryId': '159043', 'categoryName': 'Outdoor Sports'}]",{'imageUrl': 'https://i.ebayimg.com/images/g/tA8AAOSwosBoDIvu/s-l225.jpg'},"{'value': '499.00', 'currency': 'USD'}",https://api.ebay.com/buy/browse/v1/item/v1%7C376201278616%7C0,"{'username': 'liuweijing2023', 'feedbackPercentage': '98.8', 'feedbackScore': 1283}",,New,1000,[{'imageUrl': 'https://i.ebayimg.com/images/g/tA8AAOSwosBoDIvu/s-l1200.jpg'}],"[{'shippingCostType': 'FIXED', 'shippingCost': {'value': '0.00', 'currency': 'USD'}}]",['FIXED_PRICE'],https://www.ebay.com/itm/376201278616?_skw=gas+scooters&hash=item579757f498:g:tA8AAOSwosBoDIvu,"{'postalCode': '917**', 'country': 'US'}","[{'imageUrl': 'https://i.ebayimg.com/images/g/MO8AAOSw2xNoDIvw/s-l225.jpg'}, {'imageUrl': 'https://i.ebayimg.com/images/g/TmUAAOSwtbJoDIvy/s-l225.jpg'}, {'imageUrl': 'https://i.ebayimg.com/images/g/PnEAAOSwIvVoDIv0/s-l225.jpg'}, {'imageUrl': 'https://i.ebayimg.com/images/g/vvoAAOSwmjxoDIv2/s-l225.jpg'}, {'imageUrl': 'https://i.ebayimg.com/images/g/SdwAAOSwXc9oDIv4/s-l225.jpg'}, {'imageUrl': 'https://i.ebayimg.com/images/g/C0sAAOSwwPZmRIj1/s-l225.jpg'}, {'imageUrl': 'https://i.ebayimg.com/images/g/dykAAOSwzcNoDIv7/s-l225.jpg'}, {'imageUrl': 'https://i.ebayimg.com/images/g/FbAAAOSw3oVoDIv8/s-l225.jpg'}]",False,376201278616,False,2025-04-26T09:31:46.000Z,2025-04-26T09:31:46.000Z,False,False,EBAY_US,,,,,,,
9,v1|146346915837|0,MotoTec 49cc Gas Powered Mini Chopper V2 - 2 Stroke - BLACK,['75211'],"[{'categoryId': '75211', 'categoryName': 'Gas Scooters'}, {'categoryId': '888', 'categoryName': 'Sporting Goods'}, {'categoryId': '11330', 'categoryName': 'Scooters'}, {'categoryId': '159043', 'categoryName': 'Outdoor Sports'}]",{'imageUrl': 'https://i.ebayimg.com/images/g/j7MAAOSwFzNnkaY2/s-l225.jpg'},"{'value': '294.00', 'currency': 'USD'}",https://api.ebay.com/buy/browse/v1/item/v1%7C146346915837%7C0,"{'username': 'wackyhippo', 'feedbackPercentage': '98.0', 'feedbackScore': 3211}",,New,1000,[{'imageUrl': 'https://i.ebayimg.com/images/g/j7MAAOSwFzNnkaY2/s-l1600.jpg'}],"[{'shippingCostType': 'FIXED', 'shippingCost': {'value': '65.00', 'currency': 'USD'}}]","['FIXED_PRICE', 'BEST_OFFER']",https://www.ebay.com/itm/146346915837?_skw=gas+scooters&hash=item2212f4b7fd:g:j7MAAOSwFzNnkaY2,{'country': 'US'},"[{'imageUrl': 'https://i.ebayimg.com/images/g/iSQAAOSwo39nkaZA/s-l225.jpg'}, {'imageUrl': 'https://i.ebayimg.com/images/g/38QAAOSw~6FnkaZL/s-l225.jpg'}, {'imageUrl': 'https://i.ebayimg.com/images/g/44sAAOSw2rFnkaZY/s-l225.jpg'}, {'imageUrl': 'https://i.ebayimg.com/images/g/k4YAAOSwCytnkaZo/s-l225.jpg'}, {'imageUrl': 'https://i.ebayimg.com/images/g/hLcAAOSwOi9nkaZ2/s-l225.jpg'}]",False,146346915837,False,2025-01-23T02:34:44.000Z,2025-01-23T02:34:44.000Z,False,False,EBAY_US,,14076390737,,,,,
10,v1|256924266140|0,Mini Bike,['75211'],"[{'categoryId': '75211', 'categoryName': 'Gas Scooters'}, {'categoryId': '888', 'categoryName': 'Sporting Goods'}, {'categoryId': '11330', 'categoryName': 'Scooters'}, {'categoryId': '159043', 'categoryName': 'Outdoor Sports'}]",{'imageUrl': 'https://i.ebayimg.com/images/g/eqAAAeSw4D5oBj05/s-l225.jpg'},"{'value': '200.00', 'currency': 'USD'}",https://api.ebay.com/buy/browse/v1/item/v1%7C256924266140%7C0,"{'username': 'keithal777', 'feedbackPercentage': '0.0', 'feedbackScore': 210}",,Used,3000,[{'imageUrl': 'https://i.ebayimg.com/images/g/eqAAAeSw4D5oBj05/s-l1600.jpg'}],"[{'shippingCostType': 'FIXED', 'shippingCost': {'value': '74.46', 'currency': 'USD'}}]","['FIXED_PRICE', 'AUCTION']",https://www.ebay.com/itm/256924266140?_skw=gas+scooters&hash=item3bd1e12e9c:g:eqAAAeSw4D5oBj05,"{'postalCode': '461**', 'country': 'US'}",[{'imageUrl': 'https://i.ebayimg.com/images/g/pYgAAeSwCEVoBj1H/s-l225.jpg'}],False,256924266140,False,2025-04-21T12:43:34.000Z,2025-05-08T15:08:14.000Z,False,False,EBAY_US,,,0.0,"{'value': '85.80', 'currency': 'USD'}",2025-05-15T15:08:14.000Z,,
11,v1|387010129600|0,"New Fast 49cc 2-Stroke Gas Scooter for Adult Long Rang 40KM 10'' Tire , Folding",['75211'],"[{'categoryId': '75211', 'categoryName': 'Gas Scooters'}, {'categoryId': '888', 'categoryName': 'Sporting Goods'}, {'categoryId': '11330', 'categoryName': 'Scooters'}, {'categoryId': '159043', 'categoryName': 'Outdoor Sports'}]",{'imageUrl': 'https://i.ebayimg.com/images/g/nz4AAOSwaQloDIR7/s-l225.jpg'},"{'value': '499.00', 'currency': 'USD'}",https://api.ebay.com/buy/browse/v1/item/v1%7C387010129600%7C0,"{'username': 'nikimouse2023', 'feedbackPercentage': '98.5', 'feedbackScore': 1015}",,New,1000,[{'imageUrl': 'https://i.ebayimg.com/images/g/nz4AAOSwaQloDIR7/s-l1200.jpg'}],"[{'shippingCostType': 'FIXED', 'shippingCost': {'value': '0.00', 'currency': 'USD'}}]",['FIXED_PRICE'],https://www.ebay.com/itm/387010129600?_skw=gas+scooters&hash=item5a1b99eec0:g:nz4AAOSwaQloDIR7,"{'postalCode': '917**', 'country': 'US'}","[{'imageUrl': 'https://i.ebayimg.com/images/g/mqQAAOSwJFVoDIA~/s-l225.jpg'}, {'imageUrl': 'https://i.ebayimg.com/images/g/GTsAAOSwwcNoDHb2/s-l225.jpg'}, {'imageUrl': 'https://i.ebayimg.com/images/g/jf0AAOSwjOBoDHb4/s-l225.jpg'}, {'imageUrl': 'https://i.ebayimg.com/images/g/ic4AAOSw8SBoDHb6/s-l225.jpg'}, {'imageUrl': 'https://i.ebayimg.com/images/g/l4EAAOSwosBoDHb8/s-l225.jpg'}, {'imageUrl': 'https://i.ebayimg.com/images/g/v8QAAOSwTr5oDHb-/s-l225.jpg'}, {'imageUrl': 'https://i.ebayimg.com/images/g/gsgAAOSw8MdoDHcA/s-l225.jpg'}, {'imageUrl': 'https://i.ebayimg.com/images/g/ZjgAAOSwgvNoDHcD/s-l225.jpg'}, {'imageUrl': 'https://i.ebayimg.com/images/g/C0sAAOSwwPZmRIj1/s-l225.jpg'}]",False,387010129600,False,2024-05-16T10:20:19.000Z,2024-05-16T10:20:19.000Z,False,False,EBAY_US,,,,,,,
12,v1|335935400264|0,Go-Ped Sport California gas scooter.,['75211'],"[{'categoryId': '75211', 'categoryName': 'Gas Scooters'}, {'categoryId': '888', 'categoryName': 'Sporting Goods'}, {'categoryId': '11330', 'categoryName': 'Scooters'}, {'categoryId': '159043', 'categoryName': 'Outdoor Sports'}]",{'imageUrl': 'https://i.ebayimg.com/images/g/iG0AAOSwWoZoD-L4/s-l225.jpg'},"{'value': '450.00', 'currency': 'USD'}",https://api.ebay.com/buy/browse/v1/item/v1%7C335935400264%7C0,"{'username': 'kweak', 'feedbackPercentage': '100.0', 'feedbackScore': 490}",,Used,3000,[{'imageUrl': 'https://i.ebayimg.com/images/g/iG0AAOSwWoZoD-L4/s-l640.jpg'}],"[{'shippingCostType': 'FIXED', 'shippingCost': {'value': '78.00', 'currency': 'USD'}}]",['FIXED_PRICE'],https://www.ebay.com/itm/335935400264?_skw=gas+scooters&hash=item4e374f6948:g:iG0AAOSwWoZoD-L4,"{'postalCode': '974**', 'country': 'US'}","[{'imageUrl': 'https://i.ebayimg.com/images/g/W84AAOSw8SBoD-Ly/s-l225.jpg'}, {'imageUrl': 'https://i.ebayimg.com/images/g/plcAAOSwOLhoD-L0/s-l225.jpg'}, {'imageUrl': 'https://i.ebayimg.com/images/g/qf8AAOSwuppoD-L2/s-l225.jpg'}, {'imageUrl': 'https://i.ebayimg.com/images/g/D7QAAOSwLKRoD-L6/s-l225.jpg'}, {'imageUrl': 'https://i.ebayimg.com/images/g/eewAAOSwYQ1oD-L9/s-l225.jpg'}, {'imageUrl': 'https://i.ebayimg.com/images/g/jmwAAOSwDnRoD-MD/s-l225.jpg'}, {'imageUrl': 'https://i.ebayimg.com/images/g/Np0AAOSwRhRoD-MB/s-l225.jpg'}]",False,335935400264,False,2025-04-28T20:35:53.000Z,2025-04-28T20:35:53.000Z,False,False,EBAY_US,,,,,,,
13,v1|316751846342|0,Gas Powered Scooter 49 Cc,['35560'],"[{'categoryId': '35560', 'categoryName': 'Fairings, Plastics & Body Kits'}, {'categoryId': '6000', 'categoryName': 'eBay Motors'}, {'categoryId': '6028', 'categoryName': 'Parts & Accessories'}, {'categoryId': '10063', 'categoryName': 'Motorcycle & Scooter Parts & Accessories'}, {'categoryId': '35559', 'categoryName': 'Body & Frame'}]",{'imageUrl': 'https://i.ebayimg.com/images/g/P78AAeSw6HxoFcuM/s-l225.jpg'},"{'value': '450.00', 'currency': 'USD'}",https://api.ebay.com/buy/browse/v1/item/v1%7C316751846342%7C0,"{'username': 'zombiekoo-20', 'feedbackPercentage': '100.0', 'feedbackScore': 21}",,New other (see details),1500,[{'imageUrl': 'https://i.ebayimg.com/images/g/P78AAeSw6HxoFcuM/s-l1600.jpg'}],,"['FIXED_PRICE', 'BEST_OFFER']",https://www.ebay.com/itm/316751846342?_skw=gas+scooters&hash=item49bfe19bc6:g:P78AAeSw6HxoFcuM&amdata=enc%3AAQAKAAAA8PeG5RIuIyokJHJy903%2F5UZgivw8UYAUiYrAtb3tta1MTOUIsl7t4mTl6i6Mc5pV%2BEsNfoLh2CZP8D7SNOoXvn6t4oTk4bJlF6Wl8hpu%2BUvZWu8YQxAEwqa5jtP8s%2F6iS2Q8jxqoxf11Y6mJ5NeZw5GtXI4dmRcklkdtvnbE8Gq2aFqxeWJrq95LAtFT--OOdTkQ7o6ZTGg%2Fdcny3EMMEONX%2B0qMGEM2TLND4zDcYbZ03unM4FQfWWOEYuPWz8edasEQyII8K3b4fB2uLgsePxAQYB0yu%2BRccze87Z%2B1bxiJ2amCZbzj0u1pSc03vPVFMw%3D%3D,"{'postalCode': '933**', 'country': 'US'}",,False,316751846342,False,2025-05-03T07:56:34.000Z,2025-05-03T07:56:34.000Z,False,True,,[{'pickupLocationType': 'ARRANGED_LOCATION'}],,,,,,
14,v1|156945990136|0,Gas Scooter,['47349'],"[{'categoryId': '47349', 'categoryName': 'Electric Scooters'}, {'categoryId': '888', 'categoryName': 'Sporting Goods'}, {'categoryId': '11330', 'categoryName': 'Scooters'}, {'categoryId': '159043', 'categoryName': 'Outdoor Sports'}]",{'imageUrl': 'https://i.ebayimg.com/images/g/k4IAAeSwuFRoE6fh/s-l225.jpg'},"{'value': '250.00', 'currency': 'USD'}",https://api.ebay.com/buy/browse/v1/item/v1%7C156945990136%7C0,"{'username': 'shro_9643', 'feedbackPercentage': '0.0', 'feedbackScore': 2}",,Used,3000,[{'imageUrl': 'https://i.ebayimg.com/images/g/k4IAAeSwuFRoE6fh/s-l1600.jpg'}],[{'shippingCostType': 'CALCULATED'}],"['FIXED_PRICE', 'BEST_OFFER']",https://www.ebay.com/itm/156945990136?_skw=gas+scooters&hash=item248ab5c1f8:g:k4IAAeSwuFRoE6fh&amdata=enc%3AAQAKAAAA8PeG5RIuIyokJHJy903%2F5UbtCAN3lSFjMYX4GLsQBfjkmo5%2BmOdvxpQU4%2F1GWxBFKvltVqOHrglN%2BXn2ubz9N9Lmh5K%2FOFW2295y8Vr4OwzJ61Rm3V1UCGMBRXM%2F2eHePLs9qqrjumfpQXIVb5WiDdl2wCbQ3CW0yHAqtBPlSvUdR2ANgcqgYiDnQBEaHp1%2B93ge4YRojcXu1K9Wx44YQNyoEFm1y9ymhTeo9v69WFfVYFyznvnUfqTccg6WRr24fVNP%2Bb0xIcWo9%2FLG9NWc4VIGl19ykG4avCOtU0klCT0d8D7P9IvHMRbGNyllAqBzFA%3D%3D,"{'postalCode': '707**', 'country': 'US'}",,False,156945990136,False,2025-05-01T16:59:05.000Z,2025-05-01T16:59:05.000Z,False,True,EBAY_US,,,,,,,
15,v1|156660453013|0,gas powered scooter 150cc,['75211'],"[{'categoryId': '75211', 'categoryName': 'Gas Scooters'}, {'categoryId': '888', 'categoryName': 'Sporting Goods'}, {'categoryId': '11330', 'categoryName': 'Scooters'}, {'categoryId': '159043', 'categoryName': 'Outdoor Sports'}]",{'imageUrl': 'https://i.ebayimg.com/images/g/TB0AAOSwNINnmUzn/s-l225.jpg'},"{'value': '1000.00', 'currency': 'USD'}",https://api.ebay.com/buy/browse/v1/item/v1%7C156660453013%7C0,"{'username': 'dudlemorriso_7', 'feedbackPercentage': '100.0', 'feedbackScore': 364}",,New other (see details),1500,[{'imageUrl': 'https://i.ebayimg.com/images/g/TB0AAOSwNINnmUzn/s-l1600.jpg'}],,['FIXED_PRICE'],https://www.ebay.com/itm/156660453013?_skw=gas+scooters&hash=item2479b0ce95:g:TB0AAOSwNINnmUzn&amdata=enc%3AAQAKAAAA8PeG5RIuIyokJHJy903%2F5UZUNO7YkmUmRZZ5HnyG%2FCVqoDNzQM6AhSgSeTq7UKVAuU0CT1Zm7F%2BktpmJlGfo7e91e%2Bu%2FGsEkBm1ZAFxp1qKF1%2BgVwrEv9dnKGEU3UgdWjeKW1o4f8zWJQM0BT6H%2B9ymsu%2FhQgC%2BZnk8GtXWJs2jv6eIlXohYIhtBXxelmO6kDU19UsYTEqmDYR%2FaookI81rSgT5ZWanvr1qb1VQvpk6fF1qr6fIqqsZMX0cIHSDzOJdihmQupte1PgNhTHV73W3Am5ZQ%2FtFkZdc9U--KyYYTuE4yFTdFwKycZNKEb%2B5M1Q%3D%3D,"{'postalCode': '922**', 'country': 'US'}","[{'imageUrl': 'https://i.ebayimg.com/images/g/cSQAAOSwn3hnmUzo/s-l225.jpg'}, {'imageUrl': 'https://i.ebayimg.com/images/g/jhEAAOSwQZZnmUzo/s-l225.jpg'}, {'imageUrl': 'https://i.ebayimg.com/images/g/c1MAAOSwaZNnmWdL/s-l225.jpg'}, {'imageUrl': 'https://i.ebayimg.com/images/g/9uQAAOSwDuNnmWc9/s-l225.jpg'}]",False,156660453013,False,2025-01-28T21:39:18.000Z,2025-01-28T21:39:18.000Z,False,True,EBAY_US,[{'pickupLocationType': 'ARRANGED_LOCATION'}],,,,,,
16,v1|365115877602|0,XtremepowerUS Kids Mini Ride On Motorcycle Gas Pocket Bike 4 Stroke 40CC Flame,['75211'],"[{'categoryId': '75211', 'categoryName': 'Gas Scooters'}, {'categoryId': '888', 'categoryName': 'Sporting Goods'}, {'categoryId': '11330', 'categoryName': 'Scooters'}, {'categoryId': '159043', 'categoryName': 'Outdoor Sports'}]",{'imageUrl': 'https://i.ebayimg.com/images/g/NZ0AAOSwEIxk-OGC/s-l225.jpg'},"{'value': '309.95', 'currency': 'USD'}",https://api.ebay.com/buy/browse/v1/item/v1%7C365115877602%7C0,"{'username': 'durapowers', 'feedbackPercentage': '98.5', 'feedbackScore': 236842}","{'originalPrice': {'value': '592.95', 'currency': 'USD'}, 'discountPercentage': '48', 'discountAmount': {'value': '283.00', 'currency': 'USD'}, 'priceTreatment': 'LIST_PRICE'}",New,1000,[{'imageUrl': 'https://i.ebayimg.com/images/g/NZ0AAOSwEIxk-OGC/s-l1200.jpg'}],"[{'shippingCostType': 'FIXED', 'shippingCost': {'value': '0.00', 'currency': 'USD'}}]",['FIXED_PRICE'],https://www.ebay.com/itm/365115877602?_skw=gas+scooters&hash=item55029a28e2:g:NZ0AAOSwEIxk-OGC,"{'postalCode': '917**', 'country': 'US'}","[{'imageUrl': 'https://i.ebayimg.com/images/g/VxoAAOSwwfZk-OGC/s-l225.jpg'}, {'imageUrl': 'https://i.ebayimg.com/images/g/K2QAAOSw0DBk-OGC/s-l225.jpg'}, {'imageUrl': 'https://i.ebayimg.com/images/g/GmMAAOSwU-hk-OGC/s-l225.jpg'}]",False,365115877602,False,2023-07-14T02:57:52.000Z,2024-09-11T20:28:41.000Z,True,False,EBAY_US,,,,,,,
17,v1|253095033904|0,49cc 52cc XTreme Gas Scooter Complete Engine Pepboy Motor Pull Start W/Warranty ,['11332'],"[{'categoryId': '11332', 'categoryName': 'Parts & Accessories'}, {'categoryId': '888', 'categoryName': 'Sporting Goods'}, {'categoryId': '11330', 'categoryName': 'Scooters'}, {'categoryId': '159043', 'categoryName': 'Outdoor Sports'}]",{'imageUrl': 'https://i.ebayimg.com/images/g/iJMAAOSwiONYPS~p/s-l225.jpg'},"{'value': '139.99', 'currency': 'USD'}",https://api.ebay.com/buy/browse/v1/item/v1%7C253095033904%7C0,"{'username': 'overloadind', 'feedbackPercentage': '99.3', 'feedbackScore': 3716}",,New,1000,[{'imageUrl': 'https://i.ebayimg.com/images/g/iJMAAOSwiONYPS~p/s-l960.jpg'}],"[{'shippingCostType': 'FIXED', 'shippingCost': {'value': '0.00', 'currency': 'USD'}}]",['FIXED_PRICE'],https://www.ebay.com/itm/253095033904?_skw=gas+scooters&hash=item3aeda3bc30:g:iJMAAOSwiONYPS~p,"{'postalCode': '890**', 'country': 'US'}","[{'imageUrl': 'https://i.ebayimg.com/images/g/sEAAAOSwImRYPS~s/s-l225.jpg'}, {'imageUrl': 'https://i.ebayimg.com/images/g/cdoAAOSw-0xYPS~t/s-l225.jpg'}, {'imageUrl': 'https://i.ebayimg.com/images/g/YEMAAOSw2xRYPS~v/s-l225.jpg'}]",False,253095033904,False,2017-08-14T08:11:03.000Z,2017-08-14T08:11:03.000Z,False,False,EBAY_US,,2175972695,,,,,
18,v1|285506334387|0,MotoTec Thunder 50cc 2-Stroke Kids Gas Dirt Bike RED Mini Off-Road Sports Ride ✅,['75211'],"[{'categoryId': '75211', 'categoryName': 'Gas Scooters'}, {'categoryId': '888', 'categoryName': 'Sporting Goods'}, {'categoryId': '11330', 'categoryName': 'Scooters'}, {'categoryId': '159043', 'categoryName': 'Outdoor Sports'}]",{'imageUrl': 'https://i.ebayimg.com/images/g/CtcAAOSwWVZlIINN/s-l225.jpg'},"{'value': '469.00', 'currency': 'USD'}",https://api.ebay.com/buy/browse/v1/item/v1%7C285506334387%7C0,"{'username': 'safecastle_emergency', 'feedbackPercentage': '99.3', 'feedbackScore': 13354}",,New,1000,[{'imageUrl': 'https://i.ebayimg.com/images/g/CtcAAOSwWVZlIINN/s-l1200.jpg'}],"[{'shippingCostType': 'FIXED', 'shippingCost': {'value': '0.00', 'currency': 'USD'}}]","['FIXED_PRICE', 'BEST_OFFER']",https://www.ebay.com/itm/285506334387?_skw=gas+scooters&hash=item427980eeb3:g:CtcAAOSwWVZlIINN,"{'postalCode': '760**', 'country': 'US'}","[{'imageUrl': 'https://i.ebayimg.com/images/g/d~0AAOSw1M5lIINN/s-l225.jpg'}, {'imageUrl': 'https://i.ebayimg.com/images/g/wpUAAOSwje5lIINN/s-l225.jpg'}, {'imageUrl': 'https://i.ebayimg.com/images/g/aIwAAOSwRAdlIINN/s-l225.jpg'}, {'imageUrl': 'https://i.ebayimg.com/images/g/6UwAAOSw~ARlIINN/s-l225.jpg'}, {'imageUrl': 'https://i.ebayimg.com/images/g/-QgAAOSwOEFlIINO/s-l225.jpg'}]",False,285506334387,False,2023-10-06T22:03:36.000Z,2023-10-06T22:03:36.000Z,False,False,EBAY_US,,27058063370,,,,,
19,v1|356626259224|0,MotoTec USA® - UberScoot 70x 2-Speed Gas Scooter Green,['75211'],"[{'categoryId': '75211', 'categoryName': 'Gas Scooters'}, {'categoryId': '888', 'categoryName': 'Sporting Goods'}, {'categoryId': '11330', 'categoryName': 'Scooters'}, {'categoryId': '159043', 'categoryName': 'Outdoor Sports'}]",{'imageUrl': 'https://i.ebayimg.com/images/g/aQYAAOSwXYRnv8jt/s-l225.jpg'},"{'value': '899.00', 'currency': 'USD'}",https://api.ebay.com/buy/browse/v1/item/v1%7C356626259224%7C0,"{'username': 'fabzizone', 'feedbackPercentage': '98.7', 'feedbackScore': 2065}",,New,1000,[{'imageUrl': 'https://i.ebayimg.com/images/g/aQYAAOSwXYRnv8jt/s-l1200.jpg'}],"[{'shippingCostType': 'FIXED', 'shippingCost': {'value': '0.00', 'currency': 'USD'}}]","['FIXED_PRICE', 'BEST_OFFER']",https://www.ebay.com/itm/356626259224?_skw=gas+scooters&hash=item530894dd18:g:aQYAAOSwXYRnv8jt,"{'postalCode': '323**', 'country': 'US'}","[{'imageUrl': 'https://i.ebayimg.com/images/g/3GMAAOSwpalnwA19/s-l225.jpg'}, {'imageUrl': 'https://i.ebayimg.com/images/g/JsoAAOSwJthnwA15/s-l225.jpg'}, {'imageUrl': 'https://i.ebayimg.com/images/g/BjoAAOSwYU1nwA15/s-l225.jpg'}, {'imageUrl': 'https://i.ebayimg.com/images/g/LkkAAOSwZqNnwgtt/s-l225.jpg'}, {'imageUrl': 'https://i.ebayimg.com/images/g/eNAAAOSwGw9nv8ju/s-l225.jpg'}, {'imageUrl': 'https://i.ebayimg.com/images/g/hJQAAOSwojRnwgtu/s-l225.jpg'}]",False,356626259224,False,2025-03-02T13:02:34.000Z,2025-03-02T13:02:34.000Z,False,False,EBAY_US,,17042627817,,,,,
20,v1|286171843945|0,MotoTec Big Supermoto 50cc 2-Stroke Kids Dirt Bike w/ Larger Knobby Tires- Black,['75211'],"[{'categoryId': '75211', 'categoryName': 'Gas Scooters'}, {'categoryId': '888', 'categoryName': 'Sporting Goods'}, {'categoryId': '11330', 'categoryName': 'Scooters'}, {'categoryId': '159043', 'categoryName': 'Outdoor Sports'}]",{'imageUrl': 'https://i.ebayimg.com/images/g/KkcAAOSwLoVnPOcV/s-l225.jpg'},"{'value': '299.00', 'currency': 'USD'}",https://api.ebay.com/buy/browse/v1/item/v1%7C286171843945%7C0,"{'username': 'safecastle_emergency', 'feedbackPercentage': '99.3', 'feedbackScore': 13354}",,New,1000,[{'imageUrl': 'https://i.ebayimg.com/images/g/KkcAAOSwLoVnPOcV/s-l1600.jpg'}],"[{'shippingCostType': 'FIXED', 'shippingCost': {'value': '0.00', 'currency': 'USD'}}]","['FIXED_PRICE', 'BEST_OFFER']",https://www.ebay.com/itm/286171843945?_skw=gas+scooters&hash=item42a12bcd69:g:KkcAAOSwLoVnPOcV,"{'postalCode': '902**', 'country': 'US'}","[{'imageUrl': 'https://i.ebayimg.com/images/g/bcIAAOSwhrpnPOcV/s-l225.jpg'}, {'imageUrl': 'https://i.ebayimg.com/images/g/GeoAAOSwQM1nPOcV/s-l225.jpg'}, {'imageUrl': 'https://i.ebayimg.com/images/g/4EYAAOSw4B1nPOcU/s-l225.jpg'}, {'imageUrl': 'https://i.ebayimg.com/images/g/hm0AAOSwZe5nPOcV/s-l225.jpg'}, {'imageUrl': 'https://i.ebayimg.com/images/g/iKgAAOSwHXBnPOcV/s-l225.jpg'}]",False,286171843945,False,2024-11-19T19:42:25.000Z,2024-11-19T19:42:25.000Z,False,False,EBAY_US,,,,,,,
21,v1|286067196927|588169254194,"X-PRO Maui 50cc Moped Scooter w/ 10"" Aluminum Wheels, Rear Trunk,Large Headlight",['75211'],"[{'categoryId': '75211', 'categoryName': 'Gas Scooters'}, {'categoryId': '888', 'categoryName': 'Sporting Goods'}, {'categoryId': '11330', 'categoryName': 'Scooters'}, {'categoryId': '159043', 'categoryName': 'Outdoor Sports'}]",{'imageUrl': 'https://i.ebayimg.com/images/g/2zkAAOSwCf9nG06e/s-l225.jpg'},"{'value': '659.00', 'currency': 'USD'}",https://api.ebay.com/buy/browse/v1/item/v1%7C286067196927%7C588169254194,"{'username': 'motopartssuperstore', 'feedbackPercentage': '97.6', 'feedbackScore': 29937}",,New,1000,[{'imageUrl': 'https://i.ebayimg.com/images/g/2zkAAOSwCf9nG06e/s-l1200.jpg'}],"[{'shippingCostType': 'CALCULATED', 'shippingCost': {'value': '379.95', 'currency': 'USD'}}]",['FIXED_PRICE'],https://www.ebay.com/itm/286067196927?_skw=gas+scooters&hash=item429aef03ff:g:2zkAAOSwCf9nG06e,"{'postalCode': '750**', 'country': 'US'}","[{'imageUrl': 'https://i.ebayimg.com/images/g/m8oAAOSwOOxnG06h/s-l225.jpg'}, {'imageUrl': 'https://i.ebayimg.com/images/g/rusAAOSwmihnG1Sx/s-l225.jpg'}, {'imageUrl': 'https://i.ebayimg.com/images/g/SGAAAOSwPm9nG1VM/s-l225.jpg'}, {'imageUrl': 'https://i.ebayimg.com/images/g/gMUAAOSwAfJnG06h/s-l225.jpg'}, {'imageUrl': 'https://i.ebayimg.com/images/g/xgsAAOSwO~ZnG06k/s-l225.jpg'}, {'imageUrl': 'https://i.ebayimg.com/images/g/AgYAAOSwIWpnG06h/s-l225.jpg'}, {'imageUrl': 'https://i.ebayimg.com/images/g/4EEAAOSwCmNnG06e/s-l225.jpg'}, {'imageUrl': 'https://i.ebayimg.com/images/g/RhcAAOSwdidnG06f/s-l225.jpg'}, {'imageUrl': 'https://i.ebayimg.com/images/g/eHIAAOSw3q9nG06h/s-l225.jpg'}, {'imageUrl': 'https://i.ebayimg.com/images/g/7RkAAOSwRTBnG06g/s-l225.jpg'}, {'imageUrl': 'https://i.ebayimg.com/images/g/ghEAAOSwE8RnG06i/s-l225.jpg'}, {'imageUrl': 'https://i.ebayimg.com/images/g/MpYAAOSwB8hnG0~u/s-l225.jpg'}, {'imageUrl': 'https://i.ebayimg.com/images/g/c5kAAOSwVYZnG0~u/s-l225.jpg'}, {'imageUrl': 'https://i.ebayimg.com/images/g/2PIAAOSw2dFnG0~v/s-l225.jpg'}, {'imageUrl': 'https://i.ebayimg.com/images/g/U2QAAOSw2uBnG0~v/s-l225.jpg'}, {'imageUrl': 'https://i.ebayimg.com/images/g/SzUAAOSwxz5nG0~v/s-l225.jpg'}, {'imageUrl': 'https://i.ebayimg.com/images/g/x-AAAOSwPvlnG1BO/s-l225.jpg'}, {'imageUrl': 'https://i.ebayimg.com/images/g/VLkAAOSwycFnG1Bs/s-l225.jpg'}, {'imageUrl': 'https://i.ebayimg.com/images/g/fcEAAOSwBKFnG1Bp/s-l225.jpg'}, {'imageUrl': 'https://i.ebayimg.com/images/g/ujIAAOSwxjZnG1St/s-l225.jpg'}, {'imageUrl': 'https://i.ebayimg.com/images/g/O18AAOSwLylnG1Rm/s-l225.jpg'}, {'imageUrl': 'https://i.ebayimg.com/images/g/tbMAAOSw7AVnG1Bs/s-l225.jpg'}, {'imageUrl': 'https://i.ebayimg.com/images/g/kgQAAOSwQBpnG1Bs/s-l225.jpg'}]",False,286067196927,False,2024-09-19T00:52:26.000Z,2024-09-19T00:52:26.000Z,False,False,EBAY_US,,,,,,https://api.ebay.com/buy/browse/v1/item/get_items_by_item_group?item_group_id=286067196927,SELLER_DEFINED_VARIATIONS
22,v1|326516660994|0,MotoTec 49cc Mini Bike Black Gas-Powered Style,['75211'],"[{'categoryId': '75211', 'categoryName': 'Gas Scooters'}, {'categoryId': '888', 'categoryName': 'Sporting Goods'}, {'categoryId': '11330', 'categoryName': 'Scooters'}, {'categoryId': '159043', 'categoryName': 'Outdoor Sports'}]",{'imageUrl': 'https://i.ebayimg.com/images/g/e9sAAOSwM8dn7ySF/s-l225.jpg'},"{'value': '399.00', 'currency': 'USD'}",https://api.ebay.com/buy/browse/v1/item/v1%7C326516660994%7C0,"{'username': 'pure_helmet', 'feedbackPercentage': '98.4', 'feedbackScore': 1379}",,New,1000,[{'imageUrl': 'https://i.ebayimg.com/images/g/e9sAAOSwM8dn7ySF/s-l1200.jpg'}],"[{'shippingCostType': 'FIXED', 'shippingCost': {'value': '0.00', 'currency': 'USD'}}]",['FIXED_PRICE'],https://www.ebay.com/itm/326516660994?_skw=gas+scooters&hash=item4c05e8db02:g:e9sAAOSwM8dn7ySF,"{'postalCode': '112**', 'country': 'US'}","[{'imageUrl': 'https://i.ebayimg.com/images/g/DX8AAOSwOuNn7ySG/s-l225.jpg'}, {'imageUrl': 'https://i.ebayimg.com/images/g/scsAAOSwdiRn7ySG/s-l225.jpg'}, {'imageUrl': 'https://i.ebayimg.com/images/g/rqkAAOSw6lxn7ySH/s-l225.jpg'}, {'imageUrl': 'https://i.ebayimg.com/images/g/s3wAAOSwCgBn7ySI/s-l225.jpg'}, {'imageUrl': 'https://i.ebayimg.com/images/g/OLoAAOSwyRRn7ySJ/s-l225.jpg'}]",False,326516660994,False,2025-04-04T00:15:06.000Z,2025-04-04T00:15:06.000Z,False,False,EBAY_US,,,,,,,
23,v1|146404081485|445216827965,NEW 49cc 2-Stroke X-Mudder Kids Dirt Bike – Gas-Powered Off-Road Mini Motorcycle,['75211'],"[{'categoryId': '75211', 'categoryName': 'Gas Scooters'}, {'categoryId': '888', 'categoryName': 'Sporting Goods'}, {'categoryId': '11330', 'categoryName': 'Scooters'}, {'categoryId': '159043', 'categoryName': 'Outdoor Sports'}]",{'imageUrl': 'https://i.ebayimg.com/images/g/2AYAAOSwYyRnt4j5/s-l225.jpg'},"{'value': '329.00', 'currency': 'USD'}",https://api.ebay.com/buy/browse/v1/item/v1%7C146404081485%7C445216827965,"{'username': 'xmudder', 'feedbackPercentage': '100.0', 'feedbackScore': 9}",,New,1000,[{'imageUrl': 'https://i.ebayimg.com/images/g/2AYAAOSwYyRnt4j5/s-l1600.jpg'}],"[{'shippingCostType': 'FIXED', 'shippingCost': {'value': '0.00', 'currency': 'USD'}}]",['FIXED_PRICE'],https://www.ebay.com/itm/146404081485?_skw=gas+scooters&hash=item22165cff4d:g:2AYAAOSwYyRnt4j5&amdata=enc%3AAQAKAAAA8PeG5RIuIyokJHJy903%2F5UYSMmNuUK1jn1pXOTziIWn8WSNwzSyEsaumBHRPyJ8UWg3nBtoOnsLqBP0aXp%2FEhPqhHrUuFe1HLgTAIUuUVCUuPLkumLgnkRgTzzpR6KxtMfWj8Y98%2Fc%2BK88j2Z%2FEc9L4vq6LgqTyV03g8vKBj5QDts15Xow%2FH%2BjVe%2BZHlBK1EiiiJBl3RZ%2FESCQ7hxvBbUK16ZXECUEocS3ziQeHIBNhjYp3beSqo3pQQCStV5%2B6ce2g7Nliz4EKPeB%2BYXRi6RDbIvbj%2Bx0M1Rpvjvzqn369V7ENhRt1JBRvkmGUWbBFvvA%3D%3D,"{'postalCode': '786**', 'country': 'US'}","[{'imageUrl': 'https://i.ebayimg.com/images/g/0WcAAOSwYiNnt4mQ/s-l225.jpg'}, {'imageUrl': 'https://i.ebayimg.com/images/g/mMYAAOSwLZtnt4mc/s-l225.jpg'}, {'imageUrl': 'https://i.ebayimg.com/images/g/lJkAAOSwqtdnt4mi/s-l225.jpg'}]",False,146404081485,False,2025-02-20T20:28:16.000Z,2025-02-20T20:38:05.000Z,False,True,EBAY_US,,,,,,https://api.ebay.com/buy/browse/v1/item/get_items_by_item_group?item_group_id=146404081485,SELLER_DEFINED_VARIATIONS
24,v1|156750097562|0,300cc scooter engine 4,['75211'],"[{'categoryId': '75211', 'categoryName': 'Gas Scooters'}, {'categoryId': '888', 'categoryName': 'Sporting Goods'}, {'categoryId': '11330', 'categoryName': 'Scooters'}, {'categoryId': '159043', 'categoryName': 'Outdoor Sports'}]",{'imageUrl': 'https://i.ebayimg.com/images/g/WyIAAOSwXDpnw7bo/s-l225.jpg'},"{'value': '500.00', 'currency': 'USD'}",https://api.ebay.com/buy/browse/v1/item/v1%7C156750097562%7C0,"{'username': '2johnboy1087', 'feedbackPercentage': '100.0', 'feedbackScore': 21}",,Used,3000,[{'imageUrl': 'https://i.ebayimg.com/images/g/WyIAAOSwXDpnw7bo/s-l1600.jpg'}],"[{'shippingCostType': 'FIXED', 'shippingCost': {'value': '90.00', 'currency': 'USD'}}]","['FIXED_PRICE', 'BEST_OFFER']",https://www.ebay.com/itm/156750097562?_skw=gas+scooters&hash=item247f08ac9a:g:WyIAAOSwXDpnw7bo&amdata=enc%3AAQAKAAAA8PeG5RIuIyokJHJy903%2F5UZPOLzvW%2BmKTtAwikM90tG8kWnNl0CFKtnAE%2F4x5N7AxE0FXAbjhNhJ2eoDU2AyluS62uNYD8SQU4vojxA9ZP%2BGpkoOGZwLGKTy74%2BfJ46fHgNajpwnguJEk7b33R%2BmOq7hJDJEKwF2GRpmBZvk%2FacAxM30Fq3JVuHPrglyi4FVpO%2BmErRK2L5UWHANpPsHMziIY1LB1GgesOal3pN1Eq%2B9UWMpzR%2FHuu2mFDaKfrw%2FATAo2PM7kRzD%2FGMGRBKDEfJvEViIpP3Xrdq42SHfx2jSNMQbnJaaUp1T2jaCQqNNbQ%3D%3D,"{'postalCode': '895**', 'country': 'US'}","[{'imageUrl': 'https://i.ebayimg.com/images/g/QXQAAOSw8jZnw7bp/s-l225.jpg'}, {'imageUrl': 'https://i.ebayimg.com/images/g/Pr8AAOSw4slnw7bp/s-l225.jpg'}]",False,156750097562,False,2025-03-02T01:45:36.000Z,2025-03-02T01:45:36.000Z,False,True,EBAY_US,,,,,,,
